,mId,mResId,mEffectType,mBindPoint,mDelayTime,mLoc,mScale,mRotate
0,60001,1,0,Bip01-HeadNub,0,"(X=1.000000,Y=2.000000,Z=3.000000)","(X=4.000000,Y=5.000000,Z=6.000000)","(Pitch=8.000000,Yaw=9.000000,Roll=7.000000)"
1,60002,2,0,Bip01-R-Foot,0,"(X=1.000000,Y=2.000000,Z=3.000001)","(X=4.000000,Y=5.000000,Z=6.000001)","(Pitch=8.000000,Yaw=9.000000,Roll=7.000001)"
2,60003,3,0,Bip01-HeadNub,0,"(X=1.000000,Y=2.000000,Z=3.000002)","(X=4.000000,Y=5.000000,Z=6.000002)","(Pitch=8.000000,Yaw=9.000000,Roll=7.000002)"
